email,phone,bs,name,username,zipcode,catchPhrase,suite,city,geo,id,street,website
Sincere@april.biz,1-770-736-8031 x56442,,Leanne Graham,Bret,,,,,,1,,hildegard.org
Shanna@melissa.tv,010-692-6593 x09125,,Ervin Howell,Antonette,,,,,,2,,anastasia.net
Nathan@yesenia.net,1-463-123-4447,,Clementine Bauch,Samantha,,,,,,3,,ramiro.info
Julianne.OConner@kory.org,493-170-9623 x156,,Patricia Lebsack,Karianne,,,,,,4,,kale.biz
Lucio_Hettinger@annie.ca,(254)954-1289,,Chelsey Dietrich,Kamren,,,,,,5,,demarco.info
Karley_Dach@jasper.info,1-477-935-8478 x6430,,Mrs. Dennis Schulist,Leopoldo_Corkery,,,,,,6,,ola.org
Telly.Hoeger@billy.biz,210.067.6132,,Kurtis Weissnat,Elwyn.Skiles,,,,,,7,,elvis.io
Sherwood@rosamond.me,586.493.6943 x140,,Nicholas Runolfsdottir V,Maxime_Nienow,,,,,,8,,jacynthe.com
Chaim_McDermott@dana.io,(775)976-6794 x41206,,Glenna Reichert,Delphine,,,,,,9,,conrad.com
Rey.Padberg@karina.biz,024-648-3804,,Clementina DuBuque,Moriah.Stanton,,,,,,10,,ambrose.net
